{"cameraMode":{"drawMode":0,"name":"Shaded","section":"Shading Mode"},"sceneLighting":true,"audioPlay":false,"sceneViewState":{"showFog":true,"showMaterialUpdate":false,"showSkybox":true,"showFlares":true,"showImageEffects":true,"showParticleSystems":true},"in2DMode":false,"pivot":{"x":101.13963317871094,"y":81.58650207519531,"z":168.38980102539063},"rotation":{"x":-0.027022670954465867,"y":0.9710969924926758,"z":-0.1333727389574051,"w":-0.1962779313325882},"size":7.016162872314453,"orthographic":false}